folder_name,ticker,tendency,confidence,date,strategy
20250922,AAPL,bearish,65,2025-09-22,DAILYAPICALL
20250922,AMZN,neutral,70,2025-09-22,DAILYAPICALL
20250922,GOOGL,neutral,65,2025-09-22,DAILYAPICALL
20250922,MSFT,bearish,70,2025-09-22,DAILYAPICALL
20250922,NVDA,bearish,70,2025-09-22,DAILYAPICALL
20251001,CRWD,bullish,65,2025-10-01,DAILYAPICALL
20251001,IBM,bearish,64,2025-10-01,DAILYAPICALL
20251001,MCD,bearish,62,2025-10-01,DAILYAPICALL
20251001,MSFT,bullish,63,2025-10-01,DAILYAPICALL
20251001,NVDA,bearish,62,2025-10-01,DAILYAPICALL
20251002,INTC,bearish,65,2025-10-02,DAILYAPICALL
20251002,MSFT,neutral,62,2025-10-02,DAILYAPICALL
20251002,NKE,bullish,58,2025-10-02,DAILYAPICALL
20251002,NVDA,bullish,64,2025-10-02,DAILYAPICALL
20251002,TSLA,bearish,62,2025-10-02,DAILYAPICALL
20251003,CBRL,bearish,62,2025-10-03,DAILYAPICALL
20251003,DASH,bearish,58,2025-10-03,DAILYAPICALL
20251003,FICO,bullish,65,2025-10-03,DAILYAPICALL
20251003,HUM,bearish,60,2025-10-03,DAILYAPICALL
20251003,WMT,bearish,62,2025-10-03,DAILYAPICALL
20251004,DELL,bearish,62,2025-10-04,DAILYAPICALL
20251004,MSFT,bullish,63,2025-10-04,DAILYAPICALL
20251004,NVDA,bearish,62,2025-10-04,DAILYAPICALL
20251004,PFE,bearish,63,2025-10-04,DAILYAPICALL
20251004,TSLA,bearish,60,2025-10-04,DAILYAPICALL
20251005,EAT,bearish,62,2025-10-05,DAILYAPICALL
20251005,MSFT,bullish,62,2025-10-05,DAILYAPICALL
20251005,NFLX,bullish,62,2025-10-05,DAILYAPICALL
20251005,NVDA,bullish,64,2025-10-05,DAILYAPICALL
20251005,SMCI,bearish,65,2025-10-05,DAILYAPICALL
20251007,APP,bullish,62,2025-10-07,DAILYAPICALL
20251007,COIN,bearish,65,2025-10-07,DAILYAPICALL
20251007,MSFT,bullish,68,2025-10-07,DAILYAPICALL
20251007,ORCL,bearish,62,2025-10-07,DAILYAPICALL
20251007,TTWO,bearish,62,2025-10-07,DAILYAPICALL
20251008,AMD,bearish,56,2025-10-08,DAILYAPICALL
20251008,COIN,bullish,60,2025-10-08,DAILYAPICALL
20251008,MSTR,bearish,63,2025-10-08,DAILYAPICALL
20251008,NVDA,bearish,60,2025-10-08,DAILYAPICALL
20251008,SMCI,bearish,62,2025-10-08,DAILYAPICALL
20251009,AAPL,bearish,60,2025-10-09,DAILYAPICALL
20251009,COST,bullish,62,2025-10-09,DAILYAPICALL
20251009,FSLR,bearish,58,2025-10-09,DAILYAPICALL
20251009,NEE,bearish,63,2025-10-09,DAILYAPICALL
20251009,NVDA,bearish,60,2025-10-09,DAILYAPICALL
20251009,YUM,bearish,60,2025-10-09,DAILYAPICALL
20251010,AAPL,bearish,60,2025-10-10,DAILYAPICALL
20251013,DJT,bearish,68,2025-10-13,DAILYAPICALL
20251013,JEF,bearish,62,2025-10-13,DAILYAPICALL
20251013,MSFT,bearish,68,2025-10-13,DAILYAPICALL
20251013,MS,bearish,63,2025-10-13,DAILYAPICALL
20251013,NVDA,bullish,64,2025-10-13,DAILYAPICALL
20251027,AAL,bullish,62,2025-10-27,DAILYAPICALL
20251027,AMD,bullish,64,2025-10-27,DAILYAPICALL
20251027,DYNE,bearish,67,2025-10-27,DAILYAPICALL
20251027,HON,bullish,63,2025-10-27,DAILYAPICALL
20251027,LULU,bearish,60,2025-10-27,DAILYAPICALL
20251027,MSFT,bullish,63,2025-10-27,DAILYAPICALL
20251027,NVDA,bearish,56,2025-10-27,DAILYAPICALL
20251027,PFE,bearish,60,2025-10-27,DAILYAPICALL
20251027,TSLA,bearish,62,2025-10-27,DAILYAPICALL
20251027,PFE,bearish,60,2025-10-27,DAILYAPICALL
20251028,AAPL,bearish,58,2025-10-28,DAILYAPICALL
20251028,AMD,bearish,55,2025-10-28,DAILYAPICALL
20251028,DYNE,bullish,58,2025-10-28,DAILYAPICALL
20251028,LULU,bullish,56,2025-10-28,DAILYAPICALL
20251028,NVDA,bullish,62,2025-10-28,DAILYAPICALL
20251029,AMZN,bullish,56,2025-10-29,DAILYAPICALL
20251029,MSFT,bullish,65,2025-10-29,DAILYAPICALL
20251029,NVDA,bullish,58,2025-10-29,DAILYAPICALL
20251029,PYPL,bearish,58,2025-10-29,DAILYAPICALL
20251029,UAL,bullish,58,2025-10-29,DAILYAPICALL
20251030,CAT,bullish,57,2025-10-30,DAILYAPICALL
20251030,CVNA,bearish,62,2025-10-30,DAILYAPICALL
20251030,MSFT,bullish,60,2025-10-30,DAILYAPICALL
20251030,NOW,bullish,55,2025-10-30,DAILYAPICALL
20251030,SBUX,bearish,58,2025-10-30,DAILYAPICALL
20251031,AMZN,bullish,62,2025-10-31,DAILYAPICALL
20251031,CAT,bullish,57,2025-10-31,DAILYAPICALL
20251031,EL,bearish,68,2025-10-31,DAILYAPICALL
20251031,NFLX,bullish,62,2025-10-31,DAILYAPICALL
20251031,RBLX,bearish,60,2025-10-31,DAILYAPICALL
20251101,AMZN,bearish,60,2025-11-01,DAILYAPICALL
20251101,EL,neutral,35,2025-11-01,DAILYAPICALL
20251101,LRCX,bullish,60,2025-11-01,DAILYAPICALL
20251101,MSFT,bullish,64,2025-11-01,DAILYAPICALL
20251101,NFLX,bearish,57,2025-11-01,DAILYAPICALL
20251101,NVDA,bullish,60,2025-11-01,DAILYAPICALL
20251101,NXPI,bearish,60,2025-11-01,DAILYAPICALL
20251101,RBLX,bullish,58,2025-11-01,DAILYAPICALL
20251102,AAPL,bullish,55,2025-11-02,DAILYAPICALL
20251102,AMZN,bullish,58,2025-11-02,DAILYAPICALL
20251102,DIS,bearish,63,2025-11-02,DAILYAPICALL
20251102,EL,bearish,68,2025-11-02,DAILYAPICALL
20251102,META,bearish,62,2025-11-02,DAILYAPICALL
20251102,MSFT,bullish,55,2025-11-02,DAILYAPICALL
20251102,NVDA,bullish,65,2025-11-02,DAILYAPICALL
20251102,QCOM,bullish,64,2025-11-02,DAILYAPICALL
20251103,AAPL,bearish,58,2025-11-03,DAILYAPICALL
20251103,AMZN,bullish,60,2025-11-03,DAILYAPICALL
20251103,GOOG,bullish,62,2025-11-03,DAILYAPICALL
20251103,MSFT,bullish,62,2025-11-03,DAILYAPICALL
20251103,NVDA,bullish,63,2025-11-03,DAILYAPICALL
20251104,AMD,bullish,58,2025-11-04,DAILYAPICALL
20251104,AMZN,bearish,58,2025-11-04,DAILYAPICALL
20251104,NVDA,bullish,68,2025-11-04,DAILYAPICALL
20251104,PTON,bearish,62,2025-11-04,DAILYAPICALL
20251104,SPOT,bearish,60,2025-11-04,DAILYAPICALL
20251105,AMD,bullish,64,2025-11-05,DAILYAPICALL
20251105,AMZN,bearish,63,2025-11-05,DAILYAPICALL
20251105,NVDA,bullish,62,2025-11-05,DAILYAPICALL
20251105,PZZA,bearish,58,2025-11-05,DAILYAPICALL
20251105,RIVN,bearish,65,2025-11-05,DAILYAPICALL
20251106,AMZN,neutral,60,2025-11-06,DAILYAPICALL
20251106,COST,bullish,62,2025-11-06,DAILYAPICALL
20251106,LYFT,bearish,62,2025-11-06,DAILYAPICALL
20251106,RBLX,bearish,62,2025-11-06,DAILYAPICALL
20251106,ROKU,bearish,57,2025-11-06,DAILYAPICALL
20251107,AMZN,bullish,62,2025-11-07,DAILYAPICALL
20251107,DASH,bullish,55,2025-11-07,DAILYAPICALL
20251107,EXPE,bearish,58,2025-11-07,DAILYAPICALL
20251107,LYFT,bearish,62,2025-11-07,DAILYAPICALL
20251107,MCD,bullish,63,2025-11-07,DAILYAPICALL
20251110,AMD,bullish,62,2025-11-10,DAILYAPICALL
20251110,EXPE,bullish,56,2025-11-10,DAILYAPICALL
20251110,PENN,bearish,58,2025-11-10,DAILYAPICALL
20251110,PTON,bearish,58,2025-11-10,DAILYAPICALL
20251110,TSLA,bearish,62,2025-11-10,DAILYAPICALL
20251111,AMD,bearish,60,2025-11-11,DAILYAPICALL
20251111,CLOV,bullish,56,2025-11-11,DAILYAPICALL
20251111,EXPE,bearish,58,2025-11-11,DAILYAPICALL
20251111,NVDA,bullish,67,2025-11-11,DAILYAPICALL
20251111,TSLA,bearish,60,2025-11-11,DAILYAPICALL
20251112,AAPL,bullish,62,2025-11-12,DAILYAPICALL
20251112,AMGN,bearish,58,2025-11-12,DAILYAPICALL
20251112,NVDA,bullish,68,2025-11-12,DAILYAPICALL
20251112,TSLA,bearish,62,2025-11-12,DAILYAPICALL
20251112,TSM,bullish,58,2025-11-12,DAILYAPICALL
20251113,AMZN,bullish,62,2025-11-13,DAILYAPICALL
20251113,CSCO,bullish,58,2025-11-13,DAILYAPICALL
20251113,F,bearish,62,2025-11-13,DAILYAPICALL
20251113,IBM,bearish,60,2025-11-13,DAILYAPICALL
20251113,NFLX,bearish,58,2025-11-13,DAILYAPICALL
20251113,SPY,bearish,58,2025-11-13,DAILYAPICALL
20251114,AMD,bearish,63,2025-11-14,DAILYAPICALL
20251114,DIS,bearish,55,2025-11-14,DAILYAPICALL
20251114,MU,bullish,65,2025-11-14,DAILYAPICALL
20251114,NKE,bearish,56,2025-11-14,DAILYAPICALL
20251114,NVDA,bearish,62,2025-11-14,DAILYAPICALL
20251117,AAPL,bullish,58,2025-11-17,DAILYAPICALL
20251117,AMZN,bullish,62,2025-11-17,DAILYAPICALL
20251117,GOOGL,bearish,68,2025-11-17,DAILYAPICALL
20251117,MSFT,neutral,62,2025-11-17,DAILYAPICALL
20251117,NVDA,bullish,56,2025-11-17,DAILYAPICALL
20251118,ADBE,bullish,60,2025-11-18,DAILYAPICALL
20251118,SQ,bearish,57,2025-11-18,DAILYAPICALL
20251118,CRM,bullish,62,2025-11-18,DAILYAPICALL
20251118,NVDA,bullish,60,2025-11-18,DAILYAPICALL
20251118,ORCL,bullish,58,2025-11-18,DAILYAPICALL
20251119,AAPL,bullish,58,2025-11-19,DAILYAPICALL
20251119,AMZN,bullish,66,2025-11-19,DAILYAPICALL
20251119,DIS,bullish,58,2025-11-19,DAILYAPICALL
20251119,GOOG,bearish,58,2025-11-19,DAILYAPICALL
20251119,NVDA,bullish,62,2025-11-19,DAILYAPICALL
20251120,META,bullish,52,2025-11-20,DAILYAPICALL
20251120,MSFT,bullish,64,2025-11-20,DAILYAPICALL
20251120,NFLX,bullish,58,2025-11-20,DAILYAPICALL
20251120,SQ,bullish,58,2025-11-20,DAILYAPICALL
20251120,TSLA,bearish,58,2025-11-20,DAILYAPICALL
20251121,GPS,bullish,58,2025-11-21,DAILYAPICALL
20251121,LOW,bearish,58,2025-11-21,DAILYAPICALL
20251121,NVDA,bullish,67,2025-11-21,DAILYAPICALL
20251121,ROST,bullish,64,2025-11-21,DAILYAPICALL
20251121,TJX,bullish,58,2025-11-21,DAILYAPICALL
20251124,AAPL,bearish,58,2025-11-24,DAILYAPICALL
20251124,AMZN,bullish,62,2025-11-24,DAILYAPICALL
20251124,META,bullish,62,2025-11-24,DAILYAPICALL
20251124,GOOGL,bullish,62,2025-11-24,DAILYAPICALL
20251124,NVDA,bullish,70,2025-11-24,DAILYAPICALL
20251125,AAPL,bearish,58,2025-11-25,DAILYAPICALL
20251125,AMZN,bullish,62,2025-11-25,DAILYAPICALL
20251125,GOOGL,bearish,62,2025-11-25,DAILYAPICALL
20251125,META,bullish,60,2025-11-25,DAILYAPICALL
20251125,NVDA,bullish,58,2025-11-25,DAILYAPICALL
20251126,AMZN,bullish,62,2025-11-26,DAILYAPICALL
20251126,KSS,bearish,64,2025-11-26,DAILYAPICALL
20251126,META,bullish,58,2025-11-26,DAILYAPICALL
20251126,NVDA,bearish,58,2025-11-26,DAILYAPICALL
20251126,PARAA,bearish,64,2025-11-26,DAILYAPICALL
20251127,AAPL,bearish,58,2025-11-27,DAILYAPICALL
20251127,AMZN,bullish,65,2025-11-27,DAILYAPICALL
20251127,DIS,bearish,58,2025-11-27,DAILYAPICALL
20251127,META,bullish,58,2025-11-27,DAILYAPICALL
20251127,NVDA,bullish,65,2025-11-27,DAILYAPICALL
20251130,GOOGL,bullish,58,2025-11-30,DAILYAPICALL
20251130,AAPL,bearish,58,2025-11-30,DAILYAPICALL
20251130,META,bullish,62,2025-11-30,DAILYAPICALL
20251130,NVDA,bullish,58,2025-11-30,DAILYAPICALL
20251130,9984.T,bearish,62,2025-11-30,DAILYAPICALL
20251201,AAPL,bearish,58,2025-12-01,DAILYAPICALL
20251201,DIS,bearish,62,2025-12-01,DAILYAPICALL
20251201,META,bullish,64,2025-12-01,DAILYAPICALL
20251201,MSFT,bullish,60,2025-12-01,DAILYAPICALL
20251201,NVDA,bullish,65,2025-12-01,DAILYAPICALL
20251202,AAPL,bullish,58,2025-12-02,DAILYAPICALL
20251202,AMZN,bearish,57,2025-12-02,DAILYAPICALL
20251202,DIS,bearish,56,2025-12-02,DAILYAPICALL
20251202,META,bullish,64,2025-12-02,DAILYAPICALL
20251202,NVDA,bullish,62,2025-12-02,DAILYAPICALL
20251203,AEO,bullish,58,2025-12-03,DAILYAPICALL
20251203,AMZN,bullish,58,2025-12-03,DAILYAPICALL
20251203,BAYRY,bearish,56,2025-12-03,DAILYAPICALL
20251203,MRVL,bearish,58,2025-12-03,DAILYAPICALL
20251203,NVDA,bearish,58,2025-12-03,DAILYAPICALL
20251204,AEO,bullish,60,2025-12-04,DAILYAPICALL
20251204,BMY,bearish,65,2025-12-04,DAILYAPICALL
20251204,CRM,bearish,63,2025-12-04,DAILYAPICALL
20251204,DLTR,bearish,58,2025-12-04,DAILYAPICALL
20251204,SNOW,bearish,62,2025-12-04,DAILYAPICALL
20251205,AMZN,neutral,55,2025-12-05,DAILYAPICALL
20251205,CRM,bearish,58,2025-12-05,DAILYAPICALL
20251205,DLTR,bearish,57,2025-12-05,DAILYAPICALL
20251205,MSFT,bullish,65,2025-12-05,DAILYAPICALL
20251205,V,bullish,62,2025-12-05,DAILYAPICALL
20251208,AMAT,bullish,62,2025-12-08,DAILYAPICALL
20251208,CARV,bearish,62,2025-12-08,DAILYAPICALL
20251208,DG,bearish,58,2025-12-08,DAILYAPICALL
20251208,NFLX,bearish,60,2025-12-08,DAILYAPICALL
20251208,V,bullish,60,2025-12-08,DAILYAPICALL
20251208,WBD,bearish,62,2025-12-08,DAILYAPICALL
20251209,AMZN,bullish,62,2025-12-09,DAILYAPICALL
20251209,AVGO,bullish,65,2025-12-09,DAILYAPICALL
20251209,CVNA,bearish,63,2025-12-09,DAILYAPICALL
20251209,NFLX,bearish,65,2025-12-09,DAILYAPICALL
20251209,NVDA,bullish,64,2025-12-09,DAILYAPICALL
20251210,AAPL,bullish,60,2025-12-10,DAILYAPICALL
20251210,AMD,bullish,58,2025-12-10,DAILYAPICALL
20251210,AMZN,bullish,66,2025-12-10,DAILYAPICALL
20251210,CVS,bullish,58,2025-12-10,DAILYAPICALL
20251210,NVDA,bullish,65,2025-12-10,DAILYAPICALL
20251211,AAPL,bearish,62,2025-12-11,DAILYAPICALL
20251211,AMZN,bullish,64,2025-12-11,DAILYAPICALL
20251211,CVS,bearish,62,2025-12-11,DAILYAPICALL
20251211,NVDA,bullish,63,2025-12-11,DAILYAPICALL
20251211,ORCL,bullish,62,2025-12-11,DAILYAPICALL
20251212,AAPL,bullish,64,2025-12-12,DAILYAPICALL
20251212,AVGO,bullish,60,2025-12-12,DAILYAPICALL
20251212,COST,bullish,62,2025-12-12,DAILYAPICALL
20251212,META,bullish,58,2025-12-12,DAILYAPICALL
20251212,TSLA,bearish,58,2025-12-12,DAILYAPICALL
20251215,COST,bullish,60,2025-12-15,DAILYAPICALL
20251215,META,bullish,65,2025-12-15,DAILYAPICALL
20251215,NFLX,bullish,58,2025-12-15,DAILYAPICALL
20251215,ORCL,bullish,58,2025-12-15,DAILYAPICALL
20251215,TLRY,bearish,66,2025-12-15,DAILYAPICALL
20251216,AMZN,bullish,65,2025-12-16,DAILYAPICALL
20251216,META,bearish,60,2025-12-16,DAILYAPICALL
20251216,NVDA,bullish,64,2025-12-16,DAILYAPICALL
20251216,PG,bullish,58,2025-12-16,DAILYAPICALL
20251216,TSLA,bearish,60,2025-12-16,DAILYAPICALL
20251217,F,bearish,58,2025-12-17,DAILYAPICALL
20251217,META,bearish,58,2025-12-17,DAILYAPICALL
20251217,NVDA,bearish,58,2025-12-17,DAILYAPICALL
20251217,PG,neutral,58,2025-12-17,DAILYAPICALL
20251217,TSLA,bearish,62,2025-12-17,DAILYAPICALL
20251218,AMZN,bullish,63,2025-12-18,DAILYAPICALL
20251218,DASH,bearish,58,2025-12-18,DAILYAPICALL
20251218,LULU,bullish,60,2025-12-18,DAILYAPICALL
20251218,MSFT,bullish,62,2025-12-18,DAILYAPICALL
20251218,NVDA,bullish,58,2025-12-18,DAILYAPICALL
20251219,AMZN,bearish,58,2025-12-19,DAILYAPICALL
20251219,DASH,bearish,58,2025-12-19,DAILYAPICALL
20251219,LULU,bearish,58,2025-12-19,DAILYAPICALL
20251219,MDLZ,bullish,64,2025-12-19,DAILYAPICALL
20251219,NKE,bearish,60,2025-12-19,DAILYAPICALL
20251222,ADBE,bullish,57,2025-12-22,DAILYAPICALL
20251222,CRM,bullish,58,2025-12-22,DAILYAPICALL
20251222,DIS,bearish,58,2025-12-22,DAILYAPICALL
20251222,NFLX,bullish,65,2025-12-22,DAILYAPICALL
20251222,NVDA,bearish,62,2025-12-22,DAILYAPICALL
20251223,DIS,bearish,62,2025-12-23,DAILYAPICALL
20251223,GOOGL,bearish,62,2025-12-23,DAILYAPICALL
20251223,HD,bullish,61,2025-12-23,DAILYAPICALL
20251223,NFLX,bearish,60,2025-12-23,DAILYAPICALL
20251223,NKE,bearish,62,2025-12-23,DAILYAPICALL
20251224,AMZN,bullish,65,2025-12-24,DAILYAPICALL
20251224,LUV,bullish,58,2025-12-24,DAILYAPICALL
20251224,NKE,bearish,58,2025-12-24,DAILYAPICALL
20251224,NVDA,bullish,58,2025-12-24,DAILYAPICALL
20251224,TSLA,bearish,66,2025-12-24,DAILYAPICALL
20251225,AMZN,bearish,58,2025-12-25,DAILYAPICALL
20251225,NKE,bearish,55,2025-12-25,DAILYAPICALL
20251225,NVDA,bullish,64,2025-12-25,DAILYAPICALL
20251225,TGT,bearish,62,2025-12-25,DAILYAPICALL
20251225,TSLA,bearish,65,2025-12-25,DAILYAPICALL
20251226,NKE,bearish,58,2025-12-26,DAILYAPICALL
20251226,NVDA,bearish,64,2025-12-26,DAILYAPICALL
20251226,SWKS,bearish,58,2025-12-26,DAILYAPICALL
20251226,TSLA,bearish,62,2025-12-26,DAILYAPICALL
20251226,TXRH,bullish,58,2025-12-26,DAILYAPICALL
20251229,AMZN,bullish,62,2025-12-29,DAILYAPICALL
20251229,NKE,bearish,58,2025-12-29,DAILYAPICALL
20251229,NVDA,bullish,58,2025-12-29,DAILYAPICALL
20251229,TGT,bearish,58,2025-12-29,DAILYAPICALL
20251229,TSLA,bearish,65,2025-12-29,DAILYAPICALL
20251230,AAPL,bullish,58,2025-12-30,DAILYAPICALL
20251230,GM,bearish,60,2025-12-30,DAILYAPICALL
20251230,NKE,bearish,56,2025-12-30,DAILYAPICALL
20251230,NVDA,bearish,58,2025-12-30,DAILYAPICALL
20251230,TSLA,bearish,60,2025-12-30,DAILYAPICALL
20251231,AAPL,neutral,58,2025-12-31,DAILYAPICALL
20251231,AMZN,bearish,62,2025-12-31,DAILYAPICALL
20251231,GOOGL,bullish,56,2025-12-31,DAILYAPICALL
20251231,NVDA,bearish,60,2025-12-31,DAILYAPICALL
20251231,TSLA,bearish,58,2025-12-31,DAILYAPICALL
20260101,AMZN,bullish,58,2026-01-01,DAILYAPICALL
20260101,GM,bearish,58,2026-01-01,DAILYAPICALL
20260101,NKE,bearish,62,2026-01-01,DAILYAPICALL
20260101,PLTR,bearish,55,2026-01-01,DAILYAPICALL
20260101,RIVN,bearish,63,2026-01-01,DAILYAPICALL
20260102,AMZN,bullish,58,2026-01-02,DAILYAPICALL
20260102,CAVA,bullish,62,2026-01-02,DAILYAPICALL
20260102,NKE,bearish,58,2026-01-02,DAILYAPICALL
20260102,RIVN,bearish,68,2026-01-02,DAILYAPICALL
20260102,TSLA,bearish,62,2026-01-02,DAILYAPICALL
20260104,AAPL,bullish,60,2026-01-04,DAILYAPICALL
20260105,NFLX,bearish,62,2026-01-05,DAILYAPICALL
20260106,UAA,bearish,63,2026-01-06,DAILYAPICALL
20260107,CVX,bearish,70,2026-01-07,DAILYAPICALL
20260108,F,bearish,57,2026-01-08,DAILYAPICALL
20260109,CPRT,bearish,58,2026-01-09,DAILYAPICALL
20260109,F,bearish,62,2026-01-09,DAILYAPICALL
20260109,GM,bearish,62,2026-01-09,DAILYAPICALL
20260109,GOOGL,bullish,58,2026-01-09,DAILYAPICALL
20260109,GOOG,bearish,58,2026-01-09,DAILYAPICALL
20260109,MSFT,bullish,58,2026-01-09,DAILYAPICALL
20260109,NVDA,bullish,58,2026-01-09,DAILYAPICALL
20260112,AAPL,bullish,62,2026-01-12,DAILYAPICALL
20260112,ALGT,bearish,60,2026-01-12,DAILYAPICALL
20260112,LITE,bearish,55,2026-01-12,DAILYAPICALL
20260112,MSFT,bullish,62,2026-01-12,DAILYAPICALL
20260112,SCAQ,bearish,45,2026-01-12,DAILYAPICALL
20260113,AAPL,bearish,58,2026-01-13,DAILYAPICALL
20260113,AMZN,bullish,65,2026-01-13,DAILYAPICALL
20260113,MSFT,bullish,66,2026-01-13,DAILYAPICALL
20260113,NVDA,bearish,62,2026-01-13,DAILYAPICALL
20260113,PLTR,bearish,58,2026-01-13,DAILYAPICALL
20260114,AAPL,bullish,62,2026-01-14,DAILYAPICALL
20260114,AMZN,bullish,62,2026-01-14,DAILYAPICALL
20260114,MSFT,bullish,70,2026-01-14,DAILYAPICALL
20260114,NVDA,bullish,65,2026-01-14,DAILYAPICALL
20260114,PLTR,bullish,60,2026-01-14,DAILYAPICALL
20260115,AMZN,bullish,60,2026-01-15,DAILYAPICALL
20260115,INTC,bearish,60,2026-01-15,DAILYAPICALL
20260115,LHX,bullish,58,2026-01-15,DAILYAPICALL
20260115,MS,bullish,55,2026-01-15,DAILYAPICALL
20260115,VZ,bearish,60,2026-01-15,DAILYAPICALL
20260116,AMZN,bullish,68,2026-01-16,DAILYAPICALL
20260116,GS,bearish,60,2026-01-16,DAILYAPICALL
20260116,HON,bullish,58,2026-01-16,DAILYAPICALL
20260116,NVDA,bullish,62,2026-01-16,DAILYAPICALL
20260116,VZ,bearish,68,2026-01-16,DAILYAPICALL
20260119,DIS,bearish,58,2026-01-19,DAILYAPICALL
20260119,JPM,bullish,58,2026-01-19,DAILYAPICALL
20260119,MU,bearish,62,2026-01-19,DAILYAPICALL
20260119,NVDA,neutral,56,2026-01-19,DAILYAPICALL
20260119,UNH,bearish,62,2026-01-19,DAILYAPICALL
20260120,GE,bullish,62,2026-01-20,DAILYAPICALL
20260120,MCHP,bearish,62,2026-01-20,DAILYAPICALL
20260120,MMM,bearish,58,2026-01-20,DAILYAPICALL
20260120,NVDA,bullish,64,2026-01-20,DAILYAPICALL
20260120,UAL,bearish,58,2026-01-20,DAILYAPICALL
20260121,AMZN,bullish,62,2026-01-21,DAILYAPICALL
20260121,KHC,bearish,55,2026-01-21,DAILYAPICALL
20260121,MU,bullish,55,2026-01-21,DAILYAPICALL
20260121,NFLX,bearish,58,2026-01-21,DAILYAPICALL
20260121,UAL,bearish,64,2026-01-21,DAILYAPICALL
20260122,AMD,bearish,58,2026-01-22,DAILYAPICALL
20260122,INTC,bearish,58,2026-01-22,DAILYAPICALL
20260122,JNJ,bullish,62,2026-01-22,DAILYAPICALL
20260122,NFLX,bearish,58,2026-01-22,DAILYAPICALL
20260122,UAL,bullish,62,2026-01-22,DAILYAPICALL
20260123,AMD,bullish,56,2026-01-23,DAILYAPICALL
20260123,JNJ,bullish,60,2026-01-23,DAILYAPICALL
20260123,META,bullish,63,2026-01-23,DAILYAPICALL
20260123,TSLA,bearish,68,2026-01-23,DAILYAPICALL
20260123,UAA,bearish,56,2026-01-23,DAILYAPICALL
20260126,AAPL,neutral,62,2026-01-26,DAILYAPICALL
20260126,AMD,bullish,58,2026-01-26,DAILYAPICALL
20260126,AMZN,bullish,58,2026-01-26,DAILYAPICALL
20260126,GOOG,bullish,64,2026-01-26,DAILYAPICALL
20260126,NVDA,bullish,62,2026-01-26,DAILYAPICALL
20260127,AMD,bullish,60,2026-01-27,DAILYAPICALL
20260127,AMZN,bullish,68,2026-01-27,DAILYAPICALL
20260127,META,bullish,58,2026-01-27,DAILYAPICALL
20260127,NVDA,bullish,65,2026-01-27,DAILYAPICALL
20260127,SLB,bullish,58,2026-01-27,DAILYAPICALL
20260128,AMZN,bullish,62,2026-01-28,DAILYAPICALL
20260128,BA,bearish,62,2026-01-28,DAILYAPICALL
20260128,GM,bearish,58,2026-01-28,DAILYAPICALL
20260128,NVDA,bullish,63,2026-01-28,DAILYAPICALL
20260128,UPS,bearish,58,2026-01-28,DAILYAPICALL
20260129,AAPL,bearish,62,2026-01-29,DAILYAPICALL
20260129,AMZN,bullish,62,2026-01-29,DAILYAPICALL
20260129,IBM,bearish,55,2026-01-29,DAILYAPICALL
20260129,MSFT,neutral,58,2026-01-29,DAILYAPICALL
20260129,UPS,bearish,60,2026-01-29,DAILYAPICALL
20260130,AAPL,bullish,64,2026-01-30,DAILYAPICALL
20260130,LMT,bullish,58,2026-01-30,DAILYAPICALL
20260130,MSFT,bearish,58,2026-01-30,DAILYAPICALL
20260130,NVDA,bullish,66,2026-01-30,DAILYAPICALL
20260130,TSLA,bearish,60,2026-01-30,DAILYAPICALL
20260207,AAPL,bearish,58,2026-02-07,DAILYAPICALL
20260207,AMZN,bullish,62,2026-02-07,DAILYAPICALL
20260207,DIS,bearish,58,2026-02-07,DAILYAPICALL
20260207,HIMS,bearish,55,2026-02-07,DAILYAPICALL
20260207,MSFT,bullish,58,2026-02-07,DAILYAPICALL
20260207,NVDA,bullish,68,2026-02-07,DAILYAPICALL
20260207,ORCL,bearish,55,2026-02-07,DAILYAPICALL
20260208,AMD,neutral,62,2026-02-08,DAILYAPICALL
20260208,AMZN,neutral,55,2026-02-08,DAILYAPICALL
20260208,GOOG,bullish,60,2026-02-08,DAILYAPICALL
20260208,META,bullish,56,2026-02-08,DAILYAPICALL
20260208,NVDA,bullish,63,2026-02-08,DAILYAPICALL
20260209,AAPL,bullish,60,2026-02-09,DAILYAPICALL
20260209,AMD,neutral,62,2026-02-09,DAILYAPICALL
20260209,AMZN,bullish,63,2026-02-09,DAILYAPICALL
20260209,GOOG,bullish,60,2026-02-09,DAILYAPICALL
20260209,META,bullish,62,2026-02-09,DAILYAPICALL
20260209,MSFT,bullish,64,2026-02-09,DAILYAPICALL
20260209,NVDA,bearish,60,2026-02-09,DAILYAPICALL
20260210,AMD,bullish,58,2026-02-10,DAILYAPICALL
20260210,KR,bullish,58,2026-02-10,DAILYAPICALL
20260210,MSFT,bullish,60,2026-02-10,DAILYAPICALL
20260210,ORCL,bullish,58,2026-02-10,DAILYAPICALL
20260210,TGT,neutral,52,2026-02-10,DAILYAPICALL
20260211,CRM,bullish,58,2026-02-11,DAILYAPICALL
20260211,F,bearish,62,2026-02-11,DAILYAPICALL
20260211,LYFT,bearish,60,2026-02-11,DAILYAPICALL
20260211,MU,bullish,62,2026-02-11,DAILYAPICALL
20260211,SHOP,neutral,58,2026-02-11,DAILYAPICALL
20260212,AMZN,bullish,58,2026-02-12,DAILYAPICALL
20260212,CRM,bullish,58,2026-02-12,DAILYAPICALL
20260212,HD,bearish,62,2026-02-12,DAILYAPICALL
20260212,MCD,bullish,58,2026-02-12,DAILYAPICALL
20260212,SPOT,bullish,58,2026-02-12,DAILYAPICALL
20260217,AMAT,bullish,58,2026-02-17,DAILYAPICALL
20260217,ANET,bearish,58,2026-02-17,DAILYAPICALL
20260217,FDX,bullish,62,2026-02-17,DAILYAPICALL
20260217,MCD,bullish,60,2026-02-17,DAILYAPICALL
20260217,RIVN,bearish,62,2026-02-17,DAILYAPICALL
20260218,AMD,bullish,58,2026-02-18,DAILYAPICALL
20260218,AMZN,bullish,58,2026-02-18,DAILYAPICALL
20260218,AVGO,bullish,58,2026-02-18,DAILYAPICALL
20260218,CRWD,bullish,58,2026-02-18,DAILYAPICALL
20260219,AMD,bullish,60,2026-02-19,DAILYAPICALL
20260219,CRWD,bearish,58,2026-02-19,DAILYAPICALL
20260219,ETSY,bearish,60,2026-02-19,DAILYAPICALL
20260219,MSFT,bearish,58,2026-02-19,DAILYAPICALL
20260219,NFLX,bearish,58,2026-02-19,DAILYAPICALL
20260220,DE,bearish,63,2026-02-20,DAILYAPICALL
20260220,HIMS,bearish,58,2026-02-20,DAILYAPICALL
20260220,LYV,bearish,62,2026-02-20,DAILYAPICALL
20260220,MSFT,bullish,63,2026-02-20,DAILYAPICALL
20260220,UAL,bearish,63,2026-02-20,DAILYAPICALL
20260223,AAPL,neutral,58,2026-02-23,DAILYAPICALL
20260223,DAL,bullish,62,2026-02-23,DAILYAPICALL
20260223,DE,bearish,62,2026-02-23,DAILYAPICALL
20260223,HIMS,bearish,58,2026-02-23,DAILYAPICALL
20260223,UAL,bearish,65,2026-02-23,DAILYAPICALL
20260224,DPZ,bullish,64,2026-02-24,DAILYAPICALL
20260224,IBM,bullish,58,2026-02-24,DAILYAPICALL
20260224,LLY,bearish,58,2026-02-24,DAILYAPICALL
20260224,NVDA,bullish,63,2026-02-24,DAILYAPICALL
20260224,UBER,bullish,64,2026-02-24,DAILYAPICALL
20260302,BP,bullish,58,2026-03-02,DAILYAPICALL
20260302,CVX,bullish,57,2026-03-02,DAILYAPICALL
20260302,NVDA,bullish,68,2026-03-02,DAILYAPICALL
20260302,PLTR,bearish,58,2026-03-02,DAILYAPICALL
20260302,XOM,bullish,60,2026-03-02,DAILYAPICALL
20260303,BA,bearish,58,2026-03-03,DAILYAPICALL
20260303,CVX,bullish,60,2026-03-03,DAILYAPICALL
20260303,NVDA,bearish,55,2026-03-03,DAILYAPICALL
20260303,PLTR,bearish,58,2026-03-03,DAILYAPICALL
20260303,SOFI,bearish,58,2026-03-03,DAILYAPICALL
20260304,AVGO,neutral,58,2026-03-04,DAILYAPICALL
20260304,CVX,bullish,62,2026-03-04,DAILYAPICALL
20260304,MU,bullish,60,2026-03-04,DAILYAPICALL
20260304,PINS,bearish,64,2026-03-04,DAILYAPICALL
20260304,SOFI,neutral,55,2026-03-04,DAILYAPICALL
20260305,AVGO,bullish,67,2026-03-05,DAILYAPICALL
20260305,CRWD,bullish,64,2026-03-05,DAILYAPICALL
20260305,MU,bearish,55,2026-03-05,DAILYAPICALL
20260305,PLTR,bullish,62,2026-03-05,DAILYAPICALL
20260305,ROST,bullish,62,2026-03-05,DAILYAPICALL
20260306,AMZN,bullish,58,2026-03-06,DAILYAPICALL
20260306,AVGO,bullish,66,2026-03-06,DAILYAPICALL
20260306,MSFT,bullish,62,2026-03-06,DAILYAPICALL
20260306,ROST,bullish,58,2026-03-06,DAILYAPICALL
20260306,WCLD,bearish,58,2026-03-06,DAILYAPICALL
20260309,COP,bearish,60,2026-03-09,DAILYAPICALL
20260309,CVX,bullish,63,2026-03-09,DAILYAPICALL
20260309,OXY,bullish,62,2026-03-09,DAILYAPICALL
20260309,PXD,bullish,60,2026-03-09,DAILYAPICALL
20260309,XOM,bullish,62,2026-03-09,DAILYAPICALL
20260310,CVX,neutral,58,2026-03-10,DAILYAPICALL
20260310,MPC,bearish,63,2026-03-10,DAILYAPICALL
20260310,OXY,bullish,58,2026-03-10,DAILYAPICALL
20260310,PSX,neutral,55,2026-03-10,DAILYAPICALL
20260310,XOM,bullish,62,2026-03-10,DAILYAPICALL
20260311,CRWD,bullish,62,2026-03-11,DAILYAPICALL
20260311,CVX,bullish,56,2026-03-11,DAILYAPICALL
20260311,LUV,bearish,58,2026-03-11,DAILYAPICALL
20260311,MSFT,bullish,68,2026-03-11,DAILYAPICALL
20260311,XOM,bearish,58,2026-03-11,DAILYAPICALL
20260312,GOOGL,neutral,60,2026-03-12,DAILYAPICALL
20260312,LYFT,bearish,58,2026-03-12,DAILYAPICALL
20260312,MSFT,bullish,62,2026-03-12,DAILYAPICALL
20260312,NKE,bearish,64,2026-03-12,DAILYAPICALL
20260312,TEAM,bearish,60,2026-03-12,DAILYAPICALL
20260313,CVX,bullish,55,2026-03-13,DAILYAPICALL
20260313,C,bearish,55,2026-03-13,DAILYAPICALL
20260313,HAL,bullish,60,2026-03-13,DAILYAPICALL
20260313,OXY,bullish,58,2026-03-13,DAILYAPICALL
20260313,XOM,bullish,60,2026-03-13,DAILYAPICALL
20260316,CVX,bullish,62,2026-03-16,DAILYAPICALL
20260316,GLD,bearish,62,2026-03-16,DAILYAPICALL
20260316,OXY,neutral,65,2026-03-16,DAILYAPICALL
20260316,SPY,bearish,62,2026-03-16,DAILYAPICALL
20260316,XOM,bullish,62,2026-03-16,DAILYAPICALL
20260317,AAPL,bullish,61,2026-03-17,DAILYAPICALL
20260317,META,bullish,56,2026-03-17,DAILYAPICALL
20260317,NVDA,bullish,62,2026-03-17,DAILYAPICALL
20260317,TSLA,bearish,60,2026-03-17,DAILYAPICALL
20260317,XOM,bullish,60,2026-03-17,DAILYAPICALL
20260318,CVX,bullish,55,2026-03-18,DAILYAPICALL
20260318,HAL,bearish,58,2026-03-18,DAILYAPICALL
20260318,HES,bullish,58,2026-03-18,DAILYAPICALL
20260318,OXY,bullish,62,2026-03-18,DAILYAPICALL
20260318,XOM,bullish,65,2026-03-18,DAILYAPICALL
20260319,DOV,bearish,55,2026-03-19,DAILYAPICALL
20260319,HON,bullish,62,2026-03-19,DAILYAPICALL
20260319,JPM,bullish,61,2026-03-19,DAILYAPICALL
20260319,NDAQ,bullish,62,2026-03-19,DAILYAPICALL
20260319,NVDA,bullish,62,2026-03-19,DAILYAPICALL
20260320,CHK,neutral,58,2026-03-20,DAILYAPICALL
20260320,CVX,bearish,58,2026-03-20,DAILYAPICALL
20260320,HES,bullish,60,2026-03-20,DAILYAPICALL
20260320,LNG,bullish,60,2026-03-20,DAILYAPICALL
20260320,XOM,bearish,62,2026-03-20,DAILYAPICALL
20260325,AAPL,neutral,56,2026-03-25,DAILYAPICALL
20260325,AMZN,bullish,62,2026-03-25,DAILYAPICALL
20260325,DAL,bullish,64,2026-03-25,DAILYAPICALL
20260325,NVDA,bullish,62,2026-03-25,DAILYAPICALL
20260325,UAL,bearish,58,2026-03-25,DAILYAPICALL
20260326,AMZN,bearish,62,2026-03-26,DAILYAPICALL
20260326,FDX,bearish,58,2026-03-26,DAILYAPICALL
20260326,SPCE,bearish,72,2026-03-26,DAILYAPICALL
20260326,TSLA,bearish,60,2026-03-26,DAILYAPICALL
20260326,UAL,bullish,55,2026-03-26,DAILYAPICALL
20260327,AAPL,neutral,62,2026-03-27,DAILYAPICALL
20260327,AMZN,bullish,62,2026-03-27,DAILYAPICALL
20260327,META,bearish,58,2026-03-27,DAILYAPICALL
20260327,TSLA,bearish,62,2026-03-27,DAILYAPICALL
20260327,UAL,bearish,58,2026-03-27,DAILYAPICALL
20260330,COP,bullish,60,2026-03-30,DAILYAPICALL
20260330,CVX,bullish,62,2026-03-30,DAILYAPICALL
20260330,OXY,bullish,56,2026-03-30,DAILYAPICALL
20260330,PXD,bullish,55,2026-03-30,DAILYAPICALL
20260330,XOM,bullish,62,2026-03-30,DAILYAPICALL
20260331,DIS,bearish,62,2026-03-31,DAILYAPICALL
20260331,LMT,bullish,60,2026-03-31,DAILYAPICALL
20260331,NOC,bullish,60,2026-03-31,DAILYAPICALL
20260331,RTX,bullish,58,2026-03-31,DAILYAPICALL
20260331,VRTX,bullish,63,2026-03-31,DAILYAPICALL
20260401,CVX,bearish,58,2026-04-01,DAILYAPICALL
20260401,NFLX,bullish,63,2026-04-01,DAILYAPICALL
20260401,NKE,bearish,55,2026-04-01,DAILYAPICALL
20260401,OXY,bullish,57,2026-04-01,DAILYAPICALL
20260401,XOM,bullish,62,2026-04-01,DAILYAPICALL
20260402,AMZN,bullish,62,2026-04-02,DAILYAPICALL
20260402,NVDA,bullish,65,2026-04-02,DAILYAPICALL
20260402,SPY,bullish,55,2026-04-02,DAILYAPICALL
20260402,VZ,bullish,60,2026-04-02,DAILYAPICALL
20260402,XOM,bullish,62,2026-04-02,DAILYAPICALL
20260403,CVX,bullish,55,2026-04-03,DAILYAPICALL
20260403,HAL,neutral,62,2026-04-03,DAILYAPICALL
20260403,OXY,bearish,62,2026-04-03,DAILYAPICALL
20260403,SLB,bullish,58,2026-04-03,DAILYAPICALL
20260403,XOM,bullish,60,2026-04-03,DAILYAPICALL
20260406,COP,bearish,62,2026-04-06,DAILYAPICALL
20260406,CVX,bullish,62,2026-04-06,DAILYAPICALL
20260406,OXY,neutral,62,2026-04-06,DAILYAPICALL
20260406,PSX,bearish,57,2026-04-06,DAILYAPICALL
20260406,XOM,bullish,58,2026-04-06,DAILYAPICALL
20260407,AAPL,bullish,60,2026-04-07,DAILYAPICALL
20260407,AVGO,bullish,60,2026-04-07,DAILYAPICALL
20260407,BRK-B,bearish,62,2026-04-07,DAILYAPICALL
20260407,JPM,bearish,62,2026-04-07,DAILYAPICALL
20260407,PSX,neutral,58,2026-04-07,DAILYAPICALL
20260408,CVX,bullish,58,2026-04-08,DAILYAPICALL
20260408,DAL,bearish,62,2026-04-08,DAILYAPICALL
20260408,GOOGL,bearish,62,2026-04-08,DAILYAPICALL
20260408,JPM,bullish,60,2026-04-08,DAILYAPICALL
20260408,UAL,bearish,62,2026-04-08,DAILYAPICALL
20260409,CVX,neutral,62,2026-04-09,DAILYAPICALL
20260409,MPC,bearish,58,2026-04-09,DAILYAPICALL
20260409,OXY,bearish,55,2026-04-09,DAILYAPICALL
20260409,SHEL,bullish,62,2026-04-09,DAILYAPICALL
20260409,XOM,neutral,58,2026-04-09,DAILYAPICALL
20260410,CVX,neutral,62,2026-04-10,DAILYAPICALL
20260410,MPC,bearish,58,2026-04-10,DAILYAPICALL
20260410,OXY,bearish,55,2026-04-10,DAILYAPICALL
20260410,SHEL,bullish,62,2026-04-10,DAILYAPICALL
20260410,XOM,neutral,58,2026-04-10,DAILYAPICALL
20260413,CLNE,bullish,55,2026-04-13,DAILYAPICALL
20260413,CVX,bullish,56,2026-04-13,DAILYAPICALL
20260413,OXY,neutral,45,2026-04-13,DAILYAPICALL
20260413,SLB,bearish,62,2026-04-13,DAILYAPICALL
20260413,XOM,bullish,62,2026-04-13,DAILYAPICALL
20260414,COP,bullish,58,2026-04-14,DAILYAPICALL
20260414,CVX,bearish,55,2026-04-14,DAILYAPICALL
20260414,OXY,neutral,64,2026-04-14,DAILYAPICALL
20260414,PXD,neutral,68,2026-04-14,DAILYAPICALL
20260414,XOM,neutral,58,2026-04-14,DAILYAPICALL
20260415,AAPL,bullish,62,2026-04-15,DAILYAPICALL
20260415,AMZN,bullish,62,2026-04-15,DAILYAPICALL
20260415,MSFT,bullish,60,2026-04-15,DAILYAPICALL
20260415,TSLA,bearish,58,2026-04-15,DAILYAPICALL
20260415,UAL,bearish,62,2026-04-15,DAILYAPICALL
20260416,AAL,bearish,62,2026-04-16,DAILYAPICALL
20260416,BA,bullish,58,2026-04-16,DAILYAPICALL
20260416,DAL,bullish,58,2026-04-16,DAILYAPICALL
20260416,LUV,bearish,58,2026-04-16,DAILYAPICALL
20260416,UAL,bearish,63,2026-04-16,DAILYAPICALL
20260417,AAPL,neutral,58,2026-04-17,DAILYAPICALL
20260417,BA,bullish,58,2026-04-17,DAILYAPICALL
20260417,JPM,bullish,58,2026-04-17,DAILYAPICALL
20260417,PEP,bullish,60,2026-04-17,DAILYAPICALL
20260417,V,bullish,60,2026-04-17,DAILYAPICALL
20260420,AAPL,bullish,62,2026-04-20,DAILYAPICALL
20260420,AMZN,bullish,60,2026-04-20,DAILYAPICALL
20260420,GOOG,bearish,55,2026-04-20,DAILYAPICALL
20260420,META,bullish,60,2026-04-20,DAILYAPICALL
20260420,TSLA,bearish,58,2026-04-20,DAILYAPICALL
20260421,AAL,bearish,65,2026-04-21,DAILYAPICALL
20260421,CVX,bearish,63,2026-04-21,DAILYAPICALL
20260421,JBLU,bearish,62,2026-04-21,DAILYAPICALL
20260421,OXY,bullish,58,2026-04-21,DAILYAPICALL
20260421,XOM,bullish,58,2026-04-21,DAILYAPICALL
20260422,CVX,bullish,63,2026-04-22,DAILYAPICALL
20260422,HAL,bullish,58,2026-04-22,DAILYAPICALL
20260422,OXY,bullish,64,2026-04-22,DAILYAPICALL
20260422,SLB,neutral,60,2026-04-22,DAILYAPICALL
20260422,XOM,bullish,62,2026-04-22,DAILYAPICALL
20260423,GE,bullish,68,2026-04-23,DAILYAPICALL
20260423,IBM,bearish,60,2026-04-23,DAILYAPICALL
20260423,LULU,bearish,58,2026-04-23,DAILYAPICALL
20260423,MSFT,bullish,68,2026-04-23,DAILYAPICALL
20260423,RIVN,bearish,65,2026-04-23,DAILYAPICALL
20260424,MSFT,bullish,62,2026-04-24,DAILYAPICALL
20260424,REGN,bullish,60,2026-04-24,DAILYAPICALL
20260424,RIVN,bearish,62,2026-04-24,DAILYAPICALL
20260424,VFC,bearish,62,2026-04-24,DAILYAPICALL
20260424,XOM,bullish,62,2026-04-24,DAILYAPICALL
20260427,BKR,neutral,45,2026-04-27,DAILYAPICALL
20260427,INTC,bearish,58,2026-04-27,DAILYAPICALL
20260427,MSFT,bullish,66,2026-04-27,DAILYAPICALL
20260427,SLB,bullish,62,2026-04-27,DAILYAPICALL
20260427,SPGI,bullish,55,2026-04-27,DAILYAPICALL
20260504,AAPL,bullish,58,2026-05-04,DAILYAPICALL
20260504,AMD,bullish,58,2026-05-04,DAILYAPICALL
20260504,MU,bullish,60,2026-05-04,DAILYAPICALL
20260504,NVDA,bearish,55,2026-05-04,DAILYAPICALL
20260504,SNDK,bearish,45,2026-05-04,DAILYAPICALL
20260505,AMZN,bullish,70,2026-05-05,DAILYAPICALL
20260505,DIS,bearish,62,2026-05-05,DAILYAPICALL
20260505,LMT,bullish,62,2026-05-05,DAILYAPICALL
20260505,NVDA,bullish,68,2026-05-05,DAILYAPICALL
20260505,UNP,bullish,60,2026-05-05,DAILYAPICALL
20260506,AMD,bullish,58,2026-05-06,DAILYAPICALL
20260506,AMZN,bullish,62,2026-05-06,DAILYAPICALL
20260506,DIS,bearish,58,2026-05-06,DAILYAPICALL
20260506,NVDA,bullish,62,2026-05-06,DAILYAPICALL
20260506,SPY,bullish,58,2026-05-06,DAILYAPICALL
20260507,AMD,bearish,55,2026-05-07,DAILYAPICALL
20260507,MARA,bearish,62,2026-05-07,DAILYAPICALL
20260507,MPWR,bullish,62,2026-05-07,DAILYAPICALL
20260507,NFLX,bullish,58,2026-05-07,DAILYAPICALL
20260507,WBD,bearish,58,2026-05-07,DAILYAPICALL
20260508,ARM,bullish,60,2026-05-08,DAILYAPICALL
20260508,MDB,bullish,62,2026-05-08,DAILYAPICALL
20260508,MPC,bearish,58,2026-05-08,DAILYAPICALL
20260508,OXY,bearish,58,2026-05-08,DAILYAPICALL
20260508,SNOW,bearish,55,2026-05-08,DAILYAPICALL
20260511,AAPL,bullish,58,2026-05-11,DAILYAPICALL
20260511,AMD,bullish,62,2026-05-11,DAILYAPICALL
20260511,MSFT,bullish,60,2026-05-11,DAILYAPICALL
20260511,NVDA,bullish,64,2026-05-11,DAILYAPICALL
20260511,TSLA,bearish,64,2026-05-11,DAILYAPICALL
20260512,AAPL,bullish,58,2026-05-12,DAILYAPICALL
20260512,AMZN,bullish,58,2026-05-12,DAILYAPICALL
20260512,GOOGL,bullish,63,2026-05-12,DAILYAPICALL
20260512,NVDA,bullish,62,2026-05-12,DAILYAPICALL
20260512,TSLA,bearish,58,2026-05-12,DAILYAPICALL
20260513,AMZN,bullish,60,2026-05-13,DAILYAPICALL
20260513,BA,bearish,62,2026-05-13,DAILYAPICALL
20260513,FDX,bearish,62,2026-05-13,DAILYAPICALL
20260513,GLW,bullish,58,2026-05-13,DAILYAPICALL
20260513,MU,bullish,58,2026-05-13,DAILYAPICALL
20260514,CSCO,bearish,58,2026-05-14,DAILYAPICALL
20260514,CSCO,bearish,58,2026-05-14,DAILYAPICALL
20260514,JNJ,bearish,63,2026-05-14,DAILYAPICALL
20260514,MU,bearish,60,2026-05-14,DAILYAPICALL
20260514,NVDA,bearish,62,2026-05-14,DAILYAPICALL
20260515,BA,bearish,60,2026-05-15,DAILYAPICALL
20260515,CSCO,bullish,58,2026-05-15,DAILYAPICALL
20260515,JNJ,bullish,62,2026-05-15,DAILYAPICALL
20260515,NVDA,bullish,65,2026-05-15,DAILYAPICALL
20260515,TSLA,bearish,62,2026-05-15,DAILYAPICALL
20260518,BRK-B,neutral,58,2026-05-18,DAILYAPICALL
20260518,DAL,bearish,60,2026-05-18,DAILYAPICALL
20260518,GOOG,bullish,62,2026-05-18,DAILYAPICALL
20260518,NVDA,bearish,63,2026-05-18,DAILYAPICALL
20260518,TSLA,bearish,58,2026-05-18,DAILYAPICALL
20260519,BRK-B,neutral,58,2026-05-19,DAILYAPICALL
20260519,DAL,bearish,60,2026-05-19,DAILYAPICALL
20260519,GOOG,bullish,62,2026-05-19,DAILYAPICALL
20260519,NVDA,bearish,63,2026-05-19,DAILYAPICALL
20260519,TSLA,bearish,58,2026-05-19,DAILYAPICALL
20260520,AAPL,bullish,63,2026-05-20,DAILYAPICALL
20260520,AMZN,bullish,64,2026-05-20,DAILYAPICALL
20260520,DAL,bearish,62,2026-05-20,DAILYAPICALL
20260520,GOOG,bearish,58,2026-05-20,DAILYAPICALL
20260520,NVDA,bullish,60,2026-05-20,DAILYAPICALL
20260521,AMD,bearish,60,2026-05-21,DAILYAPICALL
20260521,AVGO,bearish,58,2026-05-21,DAILYAPICALL
20260521,INTC,bearish,58,2026-05-21,DAILYAPICALL
20260521,NVDA,bullish,62,2026-05-21,DAILYAPICALL
20260521,QCOM,bullish,62,2026-05-21,DAILYAPICALL
20260522,IMAX,bearish,58,2026-05-22,DAILYAPICALL
20260522,NVDA,bullish,65,2026-05-22,DAILYAPICALL
20260522,SPCE,bearish,72,2026-05-22,DAILYAPICALL
20260522,TSLA,bearish,62,2026-05-22,DAILYAPICALL
20260522,WORK,bearish,72,2026-05-22,DAILYAPICALL
20260525,AAPL,neutral,64,2026-05-25,DAILYAPICALL
20260525,DIS,bearish,62,2026-05-25,DAILYAPICALL
20260525,IMAX,bullish,64,2026-05-25,DAILYAPICALL
20260525,NVDA,bullish,62,2026-05-25,DAILYAPICALL
20260525,TSLA,bearish,60,2026-05-25,DAILYAPICALL
20260526,AAPL,bullish,58,2026-05-26,DAILYAPICALL
20260526,AMZN,bullish,60,2026-05-26,DAILYAPICALL
20260526,DELL,bearish,58,2026-05-26,DAILYAPICALL
20260526,MSFT,bullish,62,2026-05-26,DAILYAPICALL
20260526,NVDA,bearish,58,2026-05-26,DAILYAPICALL
20260527,AAPL,bullish,58,2026-05-27,DAILYAPICALL
20260527,AMZN,bullish,60,2026-05-27,DAILYAPICALL
20260527,DELL,bearish,58,2026-05-27,DAILYAPICALL
20260527,MSFT,bullish,62,2026-05-27,DAILYAPICALL
20260527,NVDA,bearish,58,2026-05-27,DAILYAPICALL
20260528,BA,bearish,62,2026-05-28,DAILYAPICALL
20260528,CVX,bearish,55,2026-05-28,DAILYAPICALL
20260528,LMT,bullish,63,2026-05-28,DAILYAPICALL
20260528,SBUX,bullish,60,2026-05-28,DAILYAPICALL
20260528,XOM,bullish,60,2026-05-28,DAILYAPICALL
20260529,AAPL,bullish,58,2026-05-29,DAILYAPICALL
20260529,CRM,bullish,63,2026-05-29,DAILYAPICALL
20260529,MSFT,bullish,58,2026-05-29,DAILYAPICALL
20260529,NFLX,bullish,60,2026-05-29,DAILYAPICALL
20260529,TSLA,bearish,60,2026-05-29,DAILYAPICALL
20260601,AMZN,bullish,60,2026-06-01,DAILYAPICALL
20260601,CRWD,bullish,62,2026-06-01,DAILYAPICALL
20260601,META,bullish,58,2026-06-01,DAILYAPICALL
20260601,NVDA,bullish,63,2026-06-01,DAILYAPICALL
20260601,PANW,bullish,60,2026-06-01,DAILYAPICALL
20260602,AAPL,bearish,58,2026-06-02,DAILYAPICALL
20260602,AMZN,bullish,60,2026-06-02,DAILYAPICALL
20260602,GOOGL,bearish,58,2026-06-02,DAILYAPICALL
20260602,META,bullish,60,2026-06-02,DAILYAPICALL
20260602,NVDA,bullish,62,2026-06-02,DAILYAPICALL
20260603,BIDU,bearish,62,2026-06-03,DAILYAPICALL
20260603,GOOGL,bullish,62,2026-06-03,DAILYAPICALL
20260603,NVDA,bullish,64,2026-06-03,DAILYAPICALL
20260603,PANW,bullish,60,2026-06-03,DAILYAPICALL
20260603,ULTA,bullish,60,2026-06-03,DAILYAPICALL
20260604,AAPL,bullish,62,2026-06-04,DAILYAPICALL
20260604,AVGO,bearish,58,2026-06-04,DAILYAPICALL
20260604,HON,neutral,60,2026-06-04,DAILYAPICALL
20260604,MSFT,bullish,64,2026-06-04,DAILYAPICALL
20260604,ULTA,bullish,65,2026-06-04,DAILYAPICALL
20260605,AAPL,bullish,58,2026-06-05,DAILYAPICALL
20260605,AMZN,bullish,58,2026-06-05,DAILYAPICALL
20260605,MSFT,bullish,65,2026-06-05,DAILYAPICALL
20260605,NVDA,bullish,62,2026-06-05,DAILYAPICALL
20260605,XLV,bullish,63,2026-06-05,DAILYAPICALL
20260608,AAPL,bullish,58,2026-06-08,DAILYAPICALL
20260608,BA,bearish,65,2026-06-08,DAILYAPICALL
20260608,LULU,bearish,55,2026-06-08,DAILYAPICALL
20260608,NFLX,bearish,55,2026-06-08,DAILYAPICALL
20260608,NVDA,bullish,64,2026-06-08,DAILYAPICALL
20260609,AAL,bearish,62,2026-06-09,DAILYAPICALL
20260609,DAL,bearish,58,2026-06-09,DAILYAPICALL
20260609,JBLU,bearish,58,2026-06-09,DAILYAPICALL
20260609,LUV,bearish,62,2026-06-09,DAILYAPICALL
20260609,UAL,bearish,58,2026-06-09,DAILYAPICALL
20260610,AAPL,neutral,62,2026-06-10,DAILYAPICALL
20260610,DAL,bearish,58,2026-06-10,DAILYAPICALL
20260610,LUV,bearish,58,2026-06-10,DAILYAPICALL
20260610,ORCL,bullish,58,2026-06-10,DAILYAPICALL
20260610,UAL,bearish,68,2026-06-10,DAILYAPICALL
20260611,AAPL,bullish,63,2026-06-11,DAILYAPICALL
20260611,COIN,bearish,62,2026-06-11,DAILYAPICALL
20260611,DVN,bullish,58,2026-06-11,DAILYAPICALL
20260611,OXY,bullish,62,2026-06-11,DAILYAPICALL
20260611,PSX,bearish,62,2026-06-11,DAILYAPICALL
20260612,BA,bearish,70,2026-06-12,DAILYAPICALL
20260612,HON,neutral,58,2026-06-12,DAILYAPICALL
20260612,ORCL,bearish,58,2026-06-12,DAILYAPICALL
20260612,SPCE,bearish,73,2026-06-12,DAILYAPICALL
20260612,TSLA,bearish,60,2026-06-12,DAILYAPICALL
20260615,CVX,bearish,60,2026-06-15,DAILYAPICALL
20260615,GOLD,bearish,58,2026-06-15,DAILYAPICALL
20260615,LUV,neutral,55,2026-06-15,DAILYAPICALL
20260615,UAL,bearish,62,2026-06-15,DAILYAPICALL
20260615,XOM,bearish,62,2026-06-15,DAILYAPICALL
